{"cameraMode":{"drawMode":0,"name":"Shaded","section":"Shading Mode"},"sceneLighting":true,"audioPlay":false,"sceneViewState":{"m_AlwaysRefresh":false,"showFog":true,"showSkybox":true,"showFlares":true,"showImageEffects":true,"showParticleSystems":true,"showVisualEffectGraphs":true,"m_FxEnabled":false},"in2DMode":false,"pivot":{"x":23.891984939575197,"y":-1.9228830337524415,"z":8.842650413513184},"rotation":{"x":0.061257679015398028,"y":-0.9052568078041077,"z":0.3964810371398926,"w":0.13986466825008393},"size":4.771911144256592,"orthographic":false}